,HeatingLoad
0,233.9483
1,205.4717
2,317.49
3,240.62
4,195.53
5,216.2367
6,200.6267
7,236.7833
8,296.165
9,235.4417
10,287.3067
11,206.0833
12,253.495
13,296.1917
14,352.34
15,274.795
16,216.5367
17,308.9
18,254.435
19,271.0617
20,222.8533
21,227.4833
22,217.8817
23,206.8383
24,200.1517
25,214.3067
26,224.7783
27,208.465
28,223.1983
29,538.335
30,455.155
31,278.72
32,221.6317
33,255.965
34,226.4733
35,228.7217
36,291.46
37,234.54
38,200.7567
39,202.0467
40,299.3283
41,217.6417
42,220.575
43,226.5533
44,233.465
45,217.1833
46,227.4967
47,194.4417
48,255.9467
49,199.1583
50,202.3583
51,354.0517
52,307.9217
53,204.0733
54,259.1
55,251.9
56,203.6133
57,259.8633
58,252.3583
59,201.485
60,239.2667
61,228.88
62,228.3317
63,305.0533
64,248.3667
65,234.1167
66,224.2133
67,314.7867
68,289.9417
69,212.4867
70,208.8067
71,418.2317
72,239.7583
73,225.165
74,236.4083
75,259.9433
76,275.965
77,257.3267
78,270.9783
79,669.7283
80,237.6367
81,387.765
82,321.6767
83,239.765
84,378.555
85,341.75
86,454.4767
87,363.6317
88,196.465
89,257.5083
90,230.835
91,229.3967
92,253.5767
93,236.635
94,300.2567
95,203.13
96,213.3417
97,229.4933
98,216.7267
99,226.2483
100,303.14
101,249.6517
102,247.885
103,201.6517
104,240.6717
105,216.8283
106,272.2883
107,238.0767
108,297.7783
109,212.855
110,304.3067
111,208.8883
112,288.2333
113,233.03
114,214.6867
115,195.0367
116,200.0083
117,207.5583
118,196.3033
119,231.7317
120,207.91
121,214.3783
122,219.025
123,355.8667
124,206.065
125,227.8133
126,422.5683
127,257.6483
128,202.9083
129,213.6283
130,241.8983
131,218.2733
132,253.7067
133,245.6433
134,224.9683
135,216.7633
136,226.915
137,268.0417
138,223.5267
139,252.035
140,214.7
141,203.9933
142,217.83
143,221.89
144,292.2483
145,236.8233
146,273.6517
147,314.7
148,217.6383
149,244.2
150,243.2367
151,207.05
152,229.135
153,201.5567
154,257.1667
155,209.3733
156,234.3133
157,249.58
158,194.48
159,257.6933
160,265.93
161,265.995
162,299.6233
163,255.785
164,242.925
165,220.1383
166,228.295
167,217.3917
168,241.35
169,223.725
170,215.0167
171,251.46
172,246.3433
173,356.0483
174,184.2167
175,240.14
176,239.2767
177,235.7067
178,217.1917
179,356.5117
180,268.42
181,258.11
182,299.0633
183,294.4633
184,240.36
185,285.8583
186,233.02
187,201.7383
188,249.425
189,208.855
190,190.395
191,213.8067
192,246.9583
193,294.305
194,227.6183
195,285.0367
196,461.6267
197,213.1217
198,335.5067
199,241.0517
200,277.5383
201,276.2883
202,264.1267
203,449.8783
204,240.7367
205,313.3033
206,730.0167
207,240.1783
208,242.27
209,272.47
210,240.59
211,289.51
212,309.0
213,272.4783
214,197.5517
215,235.7317
216,229.9017
217,230.0333
218,223.095
219,349.9933
220,222.1617
221,214.475
222,310.05
223,313.8633
224,250.16
225,253.0933
226,261.3633
227,219.0483
228,221.4817
229,279.7683
230,329.2
231,256.9183
232,238.695
233,197.4367
234,354.9267
235,259.815
236,264.6567
237,200.565
238,247.23
239,220.2167
240,238.7717
241,208.33
242,453.9633
243,197.2433
244,269.1967
245,228.7567
246,254.9917
247,633.5083
248,240.455
249,253.8117
250,229.3067
251,254.9683
252,223.48
253,215.35
254,242.4517
255,263.1133
256,244.4933
257,241.1317
258,223.5967
259,272.6267
260,242.1067
261,230.58
262,597.3933
263,371.1583
264,220.0417
265,262.0733
266,254.6333
267,267.4667
268,195.4217
269,209.7233
270,193.275
271,223.3867
272,202.7833
273,188.0683
274,267.1467
275,334.19
276,238.4017
277,467.5083
278,251.5467
279,219.925
280,242.575
281,250.3833
282,204.81
283,204.0683
284,224.0617
285,253.62
286,245.1283
287,505.5933
288,241.2433
289,248.5967
290,206.365
291,256.6717
292,396.975
293,208.5033
294,222.8933
295,216.8967
296,232.0667
297,277.99
298,238.6567
299,234.8967
300,274.6933
301,222.0267
302,229.6767
303,312.8517
304,203.46
305,233.2517
306,229.7717
307,214.6533
308,276.9533
309,340.1783
310,238.68
311,245.0083
312,203.5883
313,210.005
314,242.2683
315,231.7383
316,264.315
317,201.4717
318,201.0683
319,219.2833
320,223.6083
321,245.47
322,244.075
323,291.575
324,230.8633
325,192.2983
326,235.6583
327,235.255
328,213.4133
329,243.3817
330,242.43
331,517.1667
332,262.1067
333,313.3083
334,226.7567
335,223.7067
336,243.2317
337,546.6683
338,235.7
339,407.995
340,390.2783
341,228.2233
342,229.6817
343,315.1633
344,419.92
345,215.7633
346,233.7667
347,194.93
348,291.905
349,241.6383
350,419.8117
351,202.4817
352,264.115
353,225.3067
354,219.1317
355,424.1983
356,232.3917
357,205.7117
358,259.63
359,262.5167
360,205.0117
361,244.985
362,272.2617
363,196.59
364,253.405
365,266.2067
366,250.625
367,205.3367
368,290.1383
369,258.2483
370,201.8367
371,231.6383
372,309.7617
373,227.555
374,214.1683
375,264.295
376,262.7717
377,285.4967
378,200.075
379,231.5333
380,239.3283
381,368.515
382,230.3567
383,228.785
384,230.875
385,250.6233
386,234.2267
387,272.975
388,243.015
389,221.6383
390,208.445
391,216.56
392,224.0217
393,489.37
394,221.4183
395,247.005
396,205.7567
397,314.5133
398,247.66
399,244.7033
400,210.2833
401,204.4117
402,346.065
403,213.245
404,246.4633
405,274.605
406,226.885
407,227.4133
408,501.4717
409,296.1533
410,260.6417
411,335.1467
412,226.755
413,203.7933
414,621.4583
415,235.62
416,240.9117
417,215.8133
418,291.4483
419,260.58
420,203.1183
421,224.6833
422,227.155
423,376.1667
424,216.0683
425,233.0917
426,404.0133
427,365.9633
428,258.815
429,350.1917
430,300.1783
431,223.1683
432,244.8283
433,308.145
434,261.9717
435,476.1917
436,206.0183
437,252.1583
438,358.345
439,230.025
440,220.84
441,225.06
442,202.3783
443,233.7683
444,216.5067
445,219.6383
446,184.9333
447,261.1683
448,229.2183
449,221.665
450,266.9183
451,231.5233
452,218.4283
453,208.1217
454,241.055
455,307.5417
456,204.3067
457,213.495
458,224.195
459,297.8767
460,218.7917
461,222.2467
462,252.06
463,261.105
464,215.18
465,237.79
466,315.435
467,215.7317
468,200.8767
469,335.9217
470,264.455
471,217.56
472,284.4367
473,311.5317
474,264.685
475,206.0583
476,235.11
477,195.73
478,234.8383
479,265.48
480,538.8367
481,220.6583
482,405.835
483,234.15
484,254.6267
485,519.83
486,208.9517
487,315.0567
488,473.0567
489,220.705
490,251.4167
491,204.3683
492,262.2667
493,329.4217
494,323.5233
495,225.6967
496,287.3967
497,265.2717
498,219.9733
499,229.675
500,270.85
501,214.0617
502,354.2517
503,252.625
504,277.135
505,305.6233
506,222.3733
507,289.8367
508,248.535
509,212.05
510,194.6867
511,465.6283
512,215.65
513,325.755
514,195.8833
515,220.695
516,253.9883
517,244.15
518,356.0933
519,748.06
520,227.0683
521,192.1583
522,232.2833
523,308.78
524,409.4917
525,241.4967
526,365.2383
527,215.8033
528,233.1917
529,299.9583
530,232.67
531,288.455
532,205.0383
533,214.5017
534,204.5717
535,219.0033
536,332.07
537,229.0217
538,617.9317
539,220.3567
540,214.6183
541,237.38
542,288.4883
543,271.345
544,210.4117
545,274.13
546,209.42
547,269.325
548,666.91
549,243.8033
550,223.215
551,230.11
552,236.6567
553,240.455
554,232.8333
555,210.98
556,224.0717
557,221.4117
558,243.52
559,329.7533
560,472.2033
561,208.5683
562,261.7267
563,232.8
564,261.14
565,231.2567
566,237.1567
567,207.2733
568,209.8633
569,241.3267
570,234.4117
571,208.1983
572,222.4483
573,271.8
574,223.0133
575,209.9817
576,443.9467
577,215.44
578,240.0867
579,226.355
580,231.2
581,269.475
582,243.4933
583,217.4267
584,230.675
585,226.515
586,489.2217
587,204.305
588,221.135
589,506.0067
590,238.3633
591,235.9417
592,223.5317
593,217.7017
594,210.0183
595,213.5867
596,250.3883
597,392.3883
598,208.335
599,382.4483
600,223.545
601,215.6283
602,230.8433
603,235.8933
604,217.7217
605,241.4067
606,231.41
607,282.0917
608,289.49
609,283.7117
610,207.7883
611,195.9733
612,222.0883
613,199.1683
614,250.1067
615,231.3117
616,247.9683
617,225.08
618,285.805
619,201.705
620,216.1667
621,240.4117
622,345.1083
623,336.7167
624,225.9417
625,243.2167
626,203.2533
627,287.9
628,288.9233
629,260.8417
630,258.7967
631,189.915
632,270.8317
633,342.7333
634,349.1267
635,192.3167
636,214.3017
637,350.7567
638,379.7967
639,204.5367
640,276.7117
641,207.5183
642,214.3317
643,277.14
644,212.7317
645,495.4033
646,243.8933
647,248.9133
648,301.8583
649,279.565
650,233.23
651,226.55
652,248.725
653,281.265
654,241.8667
655,220.315
656,318.575
657,257.2433
658,227.6867
659,728.39
660,283.9367
661,222.4383
662,219.3517
663,226.0717
664,247.4867
665,203.585
666,213.37
667,204.1367
668,235.0933
669,235.9567
670,200.025
671,250.7833
672,225.8483
673,217.4083
674,233.8383
675,250.31
676,203.745
677,271.96
678,254.05
679,440.91
680,315.0967
681,247.695
682,212.4667
683,210.0067
684,204.4617
685,226.3167
686,251.22
687,198.48
688,254.97
689,198.2117
690,214.9533
691,245.52
692,221.6017
693,243.44
694,246.63
695,207.395
696,235.1867
697,314.9317
698,229.2317
699,239.6733
700,241.2117
701,212.1867
702,250.8517
703,221.6517
704,266.0667
705,203.5783
706,269.305
707,350.555
708,391.7467
709,195.2767
710,216.2667
711,290.6633
712,356.9583
713,222.475
714,205.5333
715,225.6967
716,268.1967
717,237.2533
718,221.2567
719,205.2533
720,233.015
721,265.03
722,220.02
723,343.2767
724,244.49
725,207.0417
726,216.4867
727,281.2917
728,263.0283
729,265.9217
730,212.5233
731,214.0317
732,217.76
733,207.295
734,235.0267
735,627.8617
736,221.97
737,220.6183
738,226.4533
739,384.91
740,254.7317
741,244.0783
742,200.6067
743,221.9783
744,455.3983
745,204.5783
746,395.3033
747,243.0383
748,321.8967
749,216.695
750,251.0267
751,206.48
752,203.3567
753,238.3633
754,286.0067
755,235.2883
756,218.73
757,213.095
758,250.2983
759,216.9283
760,611.08
761,256.375
762,221.1733
763,226.22
764,307.87
765,249.0517
766,382.7317
767,240.3133
768,205.65
769,216.0967
770,231.3967
771,460.195
772,236.4933
773,294.3417
774,242.9083
775,214.22
776,247.6
777,218.2483
778,285.5983
779,263.0133
780,239.17
781,230.04
782,218.2483
783,210.24
784,254.8483
785,325.19
786,219.1233
787,236.5883
788,214.6933
789,212.7767
790,310.7683
791,222.0967
792,270.495
793,231.765
794,514.7383
795,310.635
796,412.1133
797,256.6567
798,232.2333
799,355.4417
800,351.1083
801,221.92
802,213.6017
803,289.44
804,310.1917
805,350.0433
806,224.19
807,193.635
808,212.965
809,222.1267
810,211.4317
811,241.53
812,300.45
813,464.1517
814,238.3383
815,271.105
816,293.5483
817,232.9383
818,225.2017
819,259.15
820,250.5517
821,287.3433
822,385.3633
823,261.6333
824,200.3133
825,199.8417
826,230.1517
827,440.1633
828,502.515
829,217.0633
830,232.8667
831,197.9033
832,207.8367
833,335.2467
834,222.745
835,258.03
836,255.5167
837,240.445
838,189.36
839,231.1083
840,248.2
841,242.7117
842,321.12
843,216.325
844,231.0617
845,248.005
846,248.2667
847,216.295
848,189.6333
849,233.3417
850,400.6967
851,263.165
852,233.2483
853,232.0083
854,288.2017
855,250.6967
856,213.0067
857,227.5667
858,218.6717
859,295.2633
860,214.8933
861,235.2533
862,201.3333
863,217.0583
864,288.19
865,201.3033
866,220.655
867,209.1617
868,233.215
869,267.86
870,198.0583
871,227.7667
872,233.9667
873,240.535
874,418.6317
875,241.4767
876,366.5767
877,266.6433
878,234.95
879,230.075
880,295.0683
881,228.9417
882,218.36
883,347.4667
884,218.4633
885,324.9983
886,364.4983
887,231.4183
888,193.605
889,216.79
890,234.7333
891,266.7783
892,257.175
893,222.745
894,340.85
895,234.4767
896,262.1133
897,288.56
898,205.8383
899,214.9617
900,254.0283
901,265.9217
902,440.04
903,297.16
904,235.4033
905,527.3417
906,266.775
907,237.745
908,264.5867
909,221.0767
910,243.145
911,218.225
912,221.655
913,263.225
914,232.6717
915,213.3
916,245.6283
917,217.2167
918,194.8133
919,231.9483
920,397.925
921,526.1917
922,219.5917
923,211.435
924,204.8083
925,215.2767
926,226.9183
927,463.3533
928,242.6417
929,213.9883
930,237.805
931,286.5867
932,293.07
933,196.6583
934,207.49
935,239.215
936,244.4567
937,209.4583
938,299.5967
939,240.535
940,224.86
941,216.9233
942,227.855
943,262.1033
944,249.5517
945,239.9133
946,379.4617
947,246.31
948,215.1567
949,242.9517
950,244.7767
951,251.0633
952,219.0267
953,260.9283
954,255.3417
955,226.8967
956,228.2883
957,227.9683
958,220.5933
959,395.7183
960,242.7133
961,309.5733
962,350.855
963,284.4817
964,286.1817
965,207.005
966,292.4717
967,229.685
968,212.75
969,231.2583
970,223.9583
971,222.9167
972,399.3183
973,289.855
974,241.45
975,206.7067
976,238.535
977,284.16
978,332.465
979,204.1733
980,244.0517
981,325.8733
982,231.6083
983,229.8383
984,239.1667
985,401.9767
986,213.9483
987,480.3783
988,458.3017
989,268.895
990,225.67
991,519.5533
992,219.4583
993,218.8167
994,288.2567
995,203.2233
996,243.42
997,201.91
998,205.9217
999,223.1383
1000,229.9017
1001,208.2683
1002,279.1917
1003,335.1267
1004,255.8217
1005,222.0917
1006,231.5217
1007,233.3983
1008,234.7733
1009,205.95
1010,224.51
1011,408.37
1012,202.11
1013,255.125
1014,228.505
1015,243.1383
1016,564.9717
1017,191.3
1018,233.3117
1019,206.0433
1020,248.3783
1021,226.9583
1022,267.525
1023,425.0633
1024,186.6033
1025,230.4633
1026,262.6233
1027,208.3933
1028,216.9467
1029,200.6233
1030,271.6833
1031,202.9183
1032,239.7067
1033,496.525
1034,216.0983
1035,308.165
1036,198.7233
1037,208.7483
1038,213.5617
1039,300.52
1040,408.1967
1041,356.9433
1042,202.0983
1043,218.995
1044,262.025
1045,206.92
1046,409.135
1047,220.18
1048,201.565
1049,246.1317
1050,272.2717
1051,227.7733
1052,243.3433
1053,275.9317
1054,216.385
1055,222.225
1056,345.5333
1057,270.9417
1058,248.295
1059,254.1083
1060,212.6017
1061,252.74
1062,243.2217
1063,284.18
1064,196.98
1065,238.4117
1066,201.97
1067,207.7783
1068,217.4167
1069,208.3633
1070,229.5767
1071,237.0367
1072,242.0783
1073,210.555
1074,230.4617
1075,252.3283
1076,212.8033
1077,224.4117
1078,285.345
1079,227.83
1080,232.6333
1081,221.99
1082,227.9533
1083,427.7267
1084,212.2667
1085,258.15
1086,452.2567
1087,208.94
1088,579.665
1089,243.6817
1090,208.3783
1091,222.8667
1092,266.5917
1093,294.54
1094,207.335
1095,376.0933
1096,274.9833
1097,217.3617
1098,616.1883
1099,231.3217
1100,428.27
1101,215.1183
1102,206.83
1103,246.9233
1104,442.6183
1105,204.46
1106,216.5083
1107,231.5383
1108,242.1783
1109,221.1417
1110,352.58
1111,214.3
1112,222.9033
1113,264.4133
1114,642.1583
1115,220.165
1116,204.1567
1117,238.84
1118,227.8633
1119,217.8317
1120,269.25
1121,212.8467
1122,211.4867
1123,457.1233
1124,225.6
1125,265.2883
1126,247.4167
1127,342.5817
1128,212.0767
1129,207.6733
1130,293.96
1131,238.2933
1132,255.75
1133,250.6317
1134,219.1983
1135,322.8033
1136,252.4183
1137,220.7767
1138,237.115
1139,267.3683
1140,217.5417
1141,348.945
1142,201.4617
1143,253.4883
1144,232.8683
1145,275.71
1146,219.6033
1147,277.1567
1148,243.5983
1149,204.4417
1150,222.355
1151,239.5133
1152,245.135
1153,231.3617
1154,215.835
1155,213.87
1156,213.5417
1157,249.385
1158,208.85
1159,231.465
1160,265.0133
1161,235.97
1162,205.475
1163,266.2067
1164,234.5567
1165,440.8167
1166,207.4883
1167,260.4633
1168,213.4233
1169,224.1133
1170,243.3417
1171,214.2883
1172,220.27
1173,227.9133
1174,201.8183
1175,225.595
1176,249.875
1177,232.1883
1178,287.9617
1179,261.5467
1180,299.26
1181,208.0883
1182,205.84
1183,235.1967
1184,238.6833
1185,225.055
1186,272.9767
1187,222.025
1188,215.8233
1189,365.6867
1190,224.7533
1191,208.9333
1192,254.8617
1193,207.9733
1194,254.3433
1195,212.8683
1196,244.15
1197,397.395
1198,295.195
1199,256.3633
1200,334.8183
1201,344.09
1202,230.815
1203,236.0333
1204,257.3917
1205,489.2667
1206,229.21
1207,246.275
1208,202.71
1209,307.665
1210,445.0067
1211,415.195
1212,215.045
1213,497.0517
1214,256.28
1215,275.8
1216,216.045
1217,208.0883
1218,211.515
1219,247.75
1220,233.275
1221,219.0467
1222,275.9583
1223,233.8
1224,253.4883
1225,313.0067
1226,226.92
1227,277.89
1228,269.2417
1229,243.06
1230,313.1083
1231,379.455
1232,275.1733
1233,239.7117
1234,231.9333
1235,210.31
1236,257.8117
1237,203.1467
1238,300.425
1239,223.58
1240,245.2383
1241,686.63
1242,227.36
1243,222.6667
1244,200.0333
1245,318.745
1246,238.4783
1247,223.8317
1248,324.73
1249,231.4917
1250,435.79
1251,210.9267
1252,247.9267
1253,272.435
1254,229.7817
1255,216.8
1256,324.87
1257,256.7617
1258,193.79
1259,426.3483
1260,264.795
1261,197.515
1262,218.0933
1263,220.4633
1264,252.3033
1265,211.9267
1266,216.2467
1267,227.2017
1268,308.2017
1269,258.8283
1270,216.28
1271,252.23
1272,236.5083
1273,276.8383
1274,208.645
1275,291.2333
1276,229.4717
1277,242.8217
1278,365.56
1279,263.14
1280,311.31
1281,321.5033
1282,270.9217
1283,262.6333
1284,233.985
1285,243.5067
1286,228.7167
1287,226.3883
1288,253.5167
1289,204.6917
1290,237.2667
1291,223.6483
1292,257.34
1293,226.0433
1294,191.4933
1295,253.2467
1296,237.67
1297,194.0017
1298,232.115
1299,215.495
1300,215.755
1301,320.7917
1302,288.4983
1303,246.9167
1304,477.685
1305,216.7183
1306,226.5217
1307,235.7083
1308,204.0683
1309,333.06
1310,259.5117
1311,216.3283
1312,202.44
1313,281.0383
1314,354.1667
1315,222.515
1316,248.43
1317,263.23
1318,220.5217
1319,266.985
1320,284.85
1321,233.6583
1322,209.01
1323,222.9033
1324,311.2083
1325,226.715
1326,237.7783
1327,233.1583
1328,213.5867
1329,225.4583
1330,219.9867
1331,286.4917
1332,459.8533
1333,291.1617
1334,348.2633
1335,251.88
1336,232.9233
1337,235.4333
1338,265.1083
1339,257.485
1340,227.8583
1341,210.285
1342,359.23
1343,215.6817
1344,317.9183
1345,226.6467
1346,246.335
1347,238.3217
1348,232.7933
1349,227.965
1350,232.5583
1351,213.16
1352,215.3617
1353,213.2417
1354,234.2167
1355,239.7433
1356,205.3533
1357,232.2683
1358,276.9083
1359,250.0733
1360,204.14
1361,254.6483
1362,210.0017
1363,204.39
1364,230.5517
1365,224.725
1366,206.0467
1367,201.4417
1368,322.38
1369,291.9783
1370,190.805
1371,335.3867
1372,223.56
1373,225.7833
1374,344.6567
1375,203.4233
1376,229.6233
1377,234.5833
1378,250.5533
1379,197.2433
1380,206.625
1381,230.9133
1382,231.9733
1383,217.0117
1384,215.215
1385,383.0383
1386,218.51
1387,196.165
1388,218.455
1389,223.09
1390,202.58
1391,232.205
1392,204.6483
1393,226.2417
1394,247.06
1395,268.3267
1396,289.1717
1397,385.8867
1398,208.06
1399,312.5267
1400,228.705
1401,197.36
1402,317.36
1403,267.7
1404,218.975
1405,368.365
1406,208.3333
1407,233.0967
1408,205.44
1409,223.0
1410,208.0083
1411,205.1017
1412,225.2133
1413,230.84
1414,248.0217
1415,459.4467
1416,210.1767
1417,272.0033
1418,344.7717
1419,218.3533
1420,236.6033
1421,205.3217
1422,218.875
1423,210.2783
1424,234.1433
1425,238.7683
1426,270.37
1427,224.4767
1428,228.2733
1429,224.8233
1430,271.0417
1431,275.8833
1432,262.9483
1433,236.2433
1434,244.4667
1435,234.1667
1436,296.2083
1437,189.8517
1438,229.6
1439,248.195
1440,199.5667
1441,261.045
1442,282.0567
1443,230.4817
1444,250.635
1445,290.38
1446,230.3767
1447,241.8117
1448,236.8967
1449,188.0933
1450,217.125
1451,203.9867
1452,245.0033
1453,245.0383
1454,238.3733
1455,276.3017
1456,195.7317
1457,373.2417
1458,220.6583
1459,216.8733
1460,249.7017
1461,237.3383
1462,249.42
1463,195.455
1464,286.1117
1465,242.2683
1466,200.6033
1467,240.4667
1468,407.5183
1469,291.57
1470,217.295
1471,267.4317
1472,250.5267
1473,241.7383
1474,266.0833
1475,234.545
1476,237.565
1477,229.5467
1478,250.1417
1479,365.1267
1480,243.8783
1481,217.3967
1482,264.87
1483,240.1617
1484,228.2733
1485,225.85
1486,232.0083
1487,225.9533
1488,198.3217
1489,200.8
1490,587.815
1491,222.0717
1492,268.3933
1493,272.1267
1494,308.5483
1495,226.0567
1496,235.555
1497,223.765
1498,228.07
1499,210.5817
1500,222.965
1501,220.1717
1502,246.2933
1503,249.5467
1504,254.4383
1505,240.6917
1506,246.6433
1507,220.265
1508,267.4583
1509,286.9067
1510,244.2133
1511,203.4417
1512,262.45
1513,238.3667
1514,283.08
1515,213.2183
1516,234.7233
1517,240.9683
1518,676.7033
1519,256.57
1520,446.1967
1521,241.1783
1522,236.6217
1523,237.2117
1524,212.895
1525,202.8083
1526,223.8183
1527,231.2883
1528,245.3833
1529,225.7467
1530,237.8633
1531,211.3783
1532,665.175
1533,205.7117
1534,233.7483
1535,205.7367
1536,228.515
1537,251.0167
1538,322.6433
1539,234.935
1540,202.415
1541,324.4233
1542,317.6417
1543,261.94
1544,212.3117
1545,218.3917
1546,200.315
1547,290.51
1548,240.135
1549,211.4317
1550,213.025
1551,229.925
1552,422.8933
1553,203.975
1554,210.2783
1555,196.7
1556,214.9817
1557,214.865
1558,267.4767
1559,206.1333
1560,228.265
1561,412.87
1562,267.8567
1563,306.48
1564,341.2933
1565,351.9183
1566,213.31
1567,260.4067
1568,234.6017
1569,285.36
1570,213.6067
1571,240.965
1572,198.3517
1573,209.9833
1574,223.7267
1575,208.9067
1576,198.9867
1577,412.1133
1578,210.3867
1579,223.2133
1580,212.2817
1581,271.57
1582,209.7567
1583,225.7367
1584,217.775
1585,254.23
1586,321.595
1587,202.2267
1588,231.97
1589,225.745
1590,266.9467
1591,623.4417
1592,242.8033
1593,209.8717
1594,293.1183
1595,222.005
1596,237.1733
1597,233.59
1598,211.89
1599,218.91
1600,257.78
1601,251.3233
1602,220.7467
1603,230.4733
1604,240.4583
1605,224.07
1606,200.27
1607,226.995
1608,245.495
1609,285.93
1610,202.86
1611,281.6417
1612,211.5933
1613,286.92
1614,251.8533
1615,256.4733
1616,309.8883
1617,216.2367
1618,256.085
1619,209.8383
1620,268.9817
1621,210.6683
1622,311.3717
1623,250.005
1624,218.67
1625,618.4933
1626,224.0733
1627,307.5517
1628,227.2367
1629,215.375
1630,246.66
1631,245.1533
1632,219.1033
1633,220.7483
1634,219.1717
1635,231.255
1636,256.9167
1637,313.1683
1638,188.2433
1639,231.9783
1640,219.9483
1641,327.3933
1642,296.395
1643,375.215
1644,613.0067
1645,325.845
1646,195.5
1647,332.5467
1648,329.035
1649,199.86
1650,266.15
1651,249.9417
1652,227.405
1653,276.7117
1654,245.4317
1655,212.0583
1656,240.5
1657,207.5017
1658,238.3383
1659,208.6167
1660,264.205
1661,333.5217
1662,299.5317
1663,202.5683
1664,218.1867
1665,243.2217
1666,232.43
1667,649.8883
1668,279.0583
1669,249.9333
1670,201.855
1671,371.3033
1672,204.465
1673,245.63
1674,343.415
1675,241.1283
1676,221.775
1677,226.9917
1678,531.795
1679,221.0117
1680,283.7183
1681,244.91
1682,201.8033
1683,242.8533
1684,246.08
1685,208.3283
1686,212.4833
1687,221.895
1688,221.895
1689,209.3283
1690,275.66
1691,209.825
1692,229.685
1693,226.6617
1694,369.845
1695,286.0117
1696,209.5417
1697,250.375
1698,270.4683
1699,254.47
1700,203.5467
1701,247.105
1702,259.375
1703,281.8417
1704,251.1483
1705,246.895
1706,224.8567
1707,221.7217
1708,355.0817
1709,257.8817
1710,260.7667
1711,241.575
1712,220.3833
1713,248.9367
1714,287.445
1715,220.815
1716,251.24
1717,241.4183
1718,221.45
1719,249.9533
1720,249.1933
1721,265.3817
1722,258.1733
1723,239.7717
1724,318.3717
1725,252.9617
1726,259.7517
1727,272.355
1728,278.8883
1729,218.855
1730,233.2483
1731,209.945
1732,198.2733
1733,306.5583
1734,226.0467
1735,253.6
1736,227.1483
1737,227.87
1738,215.5017
1739,236.4533
1740,211.1617
1741,220.67
1742,410.945
1743,247.4383
1744,221.6217
1745,427.5417
1746,248.195
1747,218.64
1748,260.46
1749,230.0433
1750,223.9567
1751,283.4
1752,238.8333
1753,248.995
1754,219.105
1755,339.01
1756,208.8217
1757,209.1867
1758,277.225
1759,266.8633
1760,240.3683
1761,450.1033
1762,350.7983
1763,211.295
1764,211.5733
1765,229.5317
1766,200.45
1767,197.25
1768,315.5933
1769,186.96
1770,218.9817
1771,317.84
1772,204.375
1773,212.7167
1774,571.0933
1775,232.7
1776,217.815
1777,248.065
1778,333.6917
1779,198.215
1780,246.5633
1781,419.6883
1782,225.3783
1783,206.005
1784,289.63
1785,221.7467
1786,205.4467
1787,269.89
1788,265.075
1789,273.3483
1790,215.8417
1791,253.235
1792,274.7667
1793,215.8867
1794,246.4483
1795,191.2333
1796,208.9633
1797,254.6867
1798,255.8017
1799,267.1567
1800,353.38
1801,255.41
1802,247.9933
1803,245.9967
1804,208.13
1805,284.6767
1806,240.1983
1807,204.4133
1808,180.1983
1809,223.6483
1810,224.7483
1811,238.0783
1812,249.2333
1813,201.76
1814,216.4033
1815,493.1383
1816,222.4733
1817,214.3667
1818,348.9817
1819,218.1833
1820,320.5667
1821,211.89
1822,223.08
1823,221.89
1824,202.815
1825,266.0867
1826,217.9467
1827,514.4383
1828,183.505
1829,279.1917
1830,248.635
1831,218.5817
1832,245.0933
1833,640.0917
1834,252.9267
1835,271.2217
1836,188.6367
1837,227.84
1838,422.545
1839,279.7767
1840,203.1
1841,241.5233
1842,240.205
1843,308.2767
1844,214.0117
1845,234.0917
1846,200.3817
1847,221.345
1848,228.05
1849,225.5717
1850,249.005
1851,225.565
1852,218.7483
1853,209.14
1854,252.9183
1855,233.175
1856,383.2183
1857,315.9283
1858,222.1733
1859,242.43
1860,236.315
1861,304.0
1862,293.02
1863,199.7167
1864,240.175
1865,250.3967
1866,479.81
1867,213.435
1868,222.14
1869,227.6533
1870,236.6817
1871,221.9183
1872,250.135
1873,270.34
1874,203.3667
1875,353.7517
1876,268.605
1877,232.1967
1878,212.3383
1879,233.7017
1880,387.15
1881,214.6
1882,218.1417
1883,269.495
1884,223.4067
1885,237.5883
1886,209.805
1887,239.095
1888,219.1583
1889,205.4767
1890,235.2833
1891,426.8783
1892,266.31
1893,651.8433
1894,239.1483
1895,210.4333
1896,246.395
1897,342.6567
1898,235.4433
1899,444.16
1900,546.6083
1901,236.9667
1902,308.0517
1903,286.3
1904,390.4367
1905,200.0317
1906,204.5533
1907,220.0283
1908,216.565
1909,213.31
1910,220.7633
1911,208.44
1912,264.785
1913,270.2283
1914,200.6167
1915,212.7533
1916,289.8883
1917,221.685
1918,220.5983
1919,207.3333
1920,344.3
1921,227.6883
1922,364.1417
1923,219.4683
1924,262.2033
1925,205.6983
1926,642.8767
1927,219.2167
1928,249.9617
1929,230.6817
1930,386.3867
1931,224.2683
1932,273.1767
1933,235.52
1934,423.6817
1935,204.6233
1936,282.21
1937,197.5917
1938,228.0867
1939,243.0667
1940,239.36
1941,213.8617
1942,220.9483
1943,209.7367
1944,243.58
1945,266.685
1946,635.4217
1947,325.6083
1948,230.345
1949,253.7533
1950,200.6767
1951,234.37
1952,211.3683
1953,245.0067
1954,232.4017
1955,197.1
1956,269.17
1957,260.225
1958,227.0683
1959,240.4917
1960,204.7083
1961,208.47
1962,234.2567
1963,373.885
1964,678.9
1965,614.17
1966,270.4217
1967,238.9233
1968,298.7383
1969,231.6883
1970,220.83
1971,217.545
1972,216.01
1973,275.0133
1974,224.7733
1975,241.1767
1976,223.955
1977,269.0833
1978,226.0217
1979,224.38
1980,210.0017
1981,245.6067
1982,366.8183
1983,391.86
1984,255.3917
1985,227.94
1986,235.2833
1987,225.1767
1988,240.5017
1989,215.405
1990,239.1383
1991,232.9267
1992,379.2817
1993,387.1517
1994,201.6383
1995,231.7933
1996,227.515
1997,235.7233
1998,349.6017
1999,223.2267
2000,241.2433
2001,225.18
2002,223.7733
2003,199.915
2004,209.135
2005,206.815
2006,313.1217
2007,322.8133
2008,213.6617
2009,214.4667
2010,203.4983
2011,219.27
2012,221.4683
2013,220.7483
2014,255.8483
2015,213.5883
2016,268.4483
2017,408.5233
2018,204.8917
2019,220.9417
2020,411.845
2021,202.92
2022,224.1917
2023,310.4583
2024,236.3583
2025,288.6117
2026,243.0383
2027,211.7767
2028,277.9417
2029,215.595
2030,343.3017
2031,234.375
2032,218.1783
2033,201.3333
2034,246.6517
2035,239.115
2036,207.81
2037,364.3217
2038,620.48
2039,265.7
2040,231.7883
2041,191.6933
2042,267.1283
2043,205.5783
2044,200.895
2045,226.58
2046,412.9883
2047,731.7217
2048,317.6167
2049,280.5617
2050,228.9667
2051,203.88
2052,223.7867
2053,261.8583
2054,208.0067
2055,225.6183
2056,226.4133
2057,287.6267
2058,235.02
2059,275.4
2060,230.73
2061,258.605
2062,345.04
2063,217.665
2064,234.5033
2065,236.7183
2066,402.31
2067,226.69
2068,215.315
2069,227.9567
2070,218.1633
2071,244.1383
2072,295.5133
2073,396.3283
2074,228.945
2075,209.1767
2076,216.9533
2077,284.5067
2078,237.4717
2079,209.9933
2080,234.8783
2081,244.6967
2082,223.1817
2083,225.195
2084,216.3583
2085,227.235
2086,216.055
2087,209.3633
2088,235.2667
2089,277.8383
2090,201.3083
2091,277.5283
2092,256.155
2093,247.4833
2094,210.2217
2095,193.9767
2096,249.0
2097,387.1367
2098,247.44
2099,253.5933
2100,249.3667
2101,211.6167
2102,281.6417
2103,316.92
2104,245.0317
2105,215.7667
2106,203.9417
2107,421.88
2108,245.49
2109,200.24
2110,195.8867
2111,223.225
2112,311.2683
2113,220.1383
2114,238.8817
2115,572.43
2116,273.7467
2117,205.9833
2118,268.7367
2119,235.4967
2120,414.9533
2121,301.265
2122,215.8167
2123,215.37
2124,197.7283
2125,252.5783
2126,234.0233
2127,244.755
2128,223.5717
2129,260.8983
2130,234.9783
2131,198.5883
2132,242.5867
2133,195.3183
2134,223.815
2135,227.0417
2136,220.945
2137,218.26
2138,239.7833
2139,195.3833
2140,199.5633
2141,239.5433
2142,312.6617
2143,210.1767
2144,214.4417
2145,226.5967
2146,193.2333
2147,275.0467
2148,593.38
2149,209.6883
2150,261.1117
2151,444.2017
2152,255.5383
2153,252.3767
2154,224.5217
2155,241.2733
2156,251.5267
2157,245.3217
2158,273.2433
2159,197.2683
2160,268.9183
2161,241.4217
2162,506.2183
2163,261.2517
2164,249.3317
2165,229.82
2166,293.5133
2167,232.2883
2168,239.2833
2169,236.5233
2170,388.6217
2171,196.6167
2172,438.6033
2173,220.8917
2174,240.9383
2175,221.41
2176,225.5383
2177,265.8433
2178,202.59
2179,213.5967
2180,245.9367
2181,265.2817
2182,213.455
2183,237.5767
2184,235.8383
2185,248.5217
2186,220.1033
2187,209.9783
2188,232.9183
2189,269.665
2190,227.4583
2191,306.4467
2192,503.17
2193,206.465
2194,200.79
2195,263.8483
2196,213.9083
2197,229.9183
2198,236.2233
2199,284.7433
2200,450.9083
2201,225.33
2202,272.7017
2203,244.3317
2204,250.4417
2205,274.2983
2206,230.1633
2207,227.6533
2208,235.1633
2209,213.2617
2210,204.1167
2211,210.1583
2212,234.1883
2213,272.6317
2214,298.1283
2215,221.32
2216,270.0117
2217,231.2933
2218,265.6917
2219,262.0417
2220,235.96
2221,307.3133
2222,330.6967
2223,234.935
2224,201.0633
2225,212.1833
2226,242.2083
2227,223.9167
2228,268.7883
2229,209.6017
2230,410.59
2231,246.6467
2232,246.835
2233,213.4983
2234,221.0917
2235,351.8833
2236,205.455
2237,275.1
2238,338.495
2239,268.7917
2240,241.2067
2241,226.5533
2242,236.2033
2243,242.3933
2244,214.9817
2245,250.645
2246,533.1017
2247,419.9233
2248,208.3167
2249,229.0417
2250,264.51
2251,312.725
2252,203.945
2253,204.8433
2254,205.9617
2255,206.5917
2256,227.885
2257,288.425
2258,215.7867
2259,210.8467
2260,192.7517
2261,249.895
2262,208.545
2263,219.1633
2264,245.99
2265,310.4083
2266,262.1883
2267,236.5767
2268,395.015
2269,263.135
2270,316.9383
2271,259.195
2272,280.8433
2273,257.315
2274,231.5067
2275,247.12
2276,267.9233
2277,312.5483
2278,267.9917
2279,225.7583
2280,213.4733
2281,244.1567
2282,200.525
2283,214.0567
2284,227.4067
2285,567.2533
2286,215.7633
2287,226.5383
2288,247.5517
2289,204.2017
2290,256.035
2291,242.5767
2292,222.3167
2293,207.5833
2294,286.4333
2295,260.425
2296,207.495
2297,200.795
2298,214.9133
2299,272.07
2300,306.1317
2301,224.6083
2302,247.525
2303,462.0567
2304,229.7583
2305,213.2583
2306,336.845
2307,195.1917
2308,284.685
2309,235.5783
2310,213.8033
2311,265.455
2312,286.66
2313,328.8633
2314,250.6333
2315,203.06
2316,207.5
2317,204.0833
2318,221.6817
2319,217.9383
2320,201.5733
2321,231.7733
2322,226.4167
2323,244.7783
2324,267.1333
2325,236.4183
2326,291.5817
2327,228.5067
2328,223.85
2329,261.5917
2330,222.97
2331,233.5417
2332,279.36
2333,233.4133
2334,231.5567
2335,278.8733
2336,300.23
2337,427.1567
2338,334.29
2339,221.0533
2340,331.11
2341,228.0367
2342,226.9567
2343,232.62
2344,307.205
2345,202.6517
2346,249.0717
2347,242.6183
2348,290.1017
2349,440.6367
2350,296.2233
2351,222.1433
2352,211.3617
2353,337.0267
2354,237.77
2355,221.965
2356,234.4133
2357,231.03
2358,215.5683
2359,235.16
2360,229.2
2361,378.72
2362,319.6217
2363,221.7367
2364,234.9767
2365,463.4367
2366,292.0617
2367,206.275
2368,229.1617
2369,271.6
2370,292.9167
2371,197.4583
2372,226.4567
2373,200.6217
2374,235.7917
2375,243.1967
2376,252.3933
2377,255.9417
2378,238.0667
2379,298.8217
2380,236.92
2381,246.045
2382,223.095
2383,226.8667
2384,248.4717
2385,267.83
2386,266.0667
2387,283.305
2388,228.4333
2389,409.27
2390,214.615
2391,211.84
2392,235.045
2393,274.1267
2394,245.84
2395,283.3833
2396,238.7817
2397,207.2483
2398,207.685
2399,542.785
2400,266.5383
2401,340.38
2402,239.5017
2403,365.39
2404,203.8317
2405,243.5867
2406,256.9883
2407,217.4233
2408,288.95
2409,220.225
2410,231.865
2411,226.56
2412,207.2533
2413,241.8517
2414,249.955
2415,215.7383
2416,245.7267
2417,205.39
2418,250.1433
2419,348.9433
2420,214.5583
2421,229.7167
2422,208.94
2423,211.005
2424,222.52
2425,196.905
2426,289.0917
2427,226.0183
2428,238.71
2429,217.9833
2430,220.22
2431,249.0117
2432,218.8333
2433,217.35
2434,199.725
2435,233.7433
2436,268.1817
2437,205.2983
2438,258.07
2439,245.3333
2440,191.3517
2441,254.6367
2442,230.9567
2443,224.7783
2444,214.6833
2445,383.05
2446,595.2183
2447,210.84
2448,349.8133
2449,228.3117
2450,218.6617
2451,201.8033
2452,223.1383
2453,230.3817
2454,345.835
2455,214.9767
2456,202.0883
2457,371.0317
2458,454.6017
2459,224.46
2460,235.145
2461,195.175
2462,262.865
2463,455.225
2464,216.4083
2465,204.5933
2466,203.315
2467,216.09
2468,206.9933
2469,484.445
2470,260.4267
2471,215.48
2472,317.2133
2473,284.8267
2474,222.985
2475,241.4467
2476,629.8417
2477,490.3783
2478,230.0417
2479,254.5533
2480,232.58
2481,364.67
2482,244.0917
2483,436.6783
2484,270.705
2485,248.125
2486,225.5617
2487,356.355
2488,215.9567
2489,210.445
2490,201.7983
2491,279.5917
2492,234.9033
2493,206.12
2494,204.48
2495,243.79
2496,216.14
2497,247.715
2498,207.6617
2499,218.57
2500,240.4683
2501,237.55
2502,396.5083
2503,336.6567
2504,281.34
2505,514.9133
2506,341.3517
2507,218.9833
2508,215.1567
2509,247.52
2510,221.9733
2511,225.0317
2512,213.6967
2513,208.2767
2514,222.1167
2515,212.1467
2516,254.9733
2517,268.235
2518,233.4117
2519,214.45
2520,258.425
2521,419.4217
2522,209.7717
2523,224.9717
2524,196.79
2525,201.2617
2526,311.65
2527,423.7717
2528,245.2967
2529,209.5767
2530,222.1617
2531,359.845
2532,228.1383
2533,234.6083
2534,278.6383
2535,256.3983
2536,214.18
2537,373.7567
2538,271.3017
2539,224.32
2540,265.875
2541,230.72
2542,307.8033
2543,235.7033
2544,368.9117
2545,256.135
2546,204.9417
2547,208.855
2548,197.4067
2549,327.95
2550,225.2933
2551,233.7533
2552,342.3
2553,214.9933
2554,239.8983
2555,203.275
2556,216.8967
2557,239.045
2558,247.665
2559,505.305
2560,270.6583
2561,253.515
2562,223.3167
2563,231.295
2564,211.4233
2565,238.6867
2566,258.2733
2567,239.0233
2568,276.7767
2569,204.9067
2570,335.6567
2571,209.8967
2572,322.14
2573,227.7817
2574,210.3917
2575,205.05
2576,256.8317
2577,197.2733
2578,243.0883
2579,223.655
2580,225.9367
2581,353.51
2582,252.6317
2583,210.3133
2584,371.495
2585,233.9033
2586,305.0717
2587,208.1717
2588,308.3417
2589,220.5483
2590,276.2817
2591,419.9467
2592,209.6517
2593,209.8733
2594,259.2133
2595,395.7117
2596,230.3417
2597,236.9233
2598,734.4133
2599,224.55
2600,217.5
2601,280.7533
2602,215.325
2603,241.9717
2604,205.99
2605,205.8333
2606,228.9517
2607,223.95
2608,336.675
2609,391.5133
2610,263.7533
2611,241.545
2612,207.1317
2613,341.28
2614,379.8417
2615,415.1133
2616,204.05
2617,255.0033
2618,240.1283
2619,211.5767
2620,235.4467
2621,246.0667
2622,496.5533
2623,194.6583
2624,207.1267
2625,234.5267
2626,238.8833
2627,304.005
2628,206.7383
2629,244.4817
2630,231.8233
2631,239.5017
2632,215.6367
2633,230.0217
2634,215.2417
2635,258.7983
2636,225.46
2637,277.8367
2638,203.9533
2639,274.1517
2640,247.68
2641,211.64
2642,234.9617
2643,256.59
2644,257.1317
2645,226.9433
2646,228.31
2647,206.7467
2648,227.49
2649,226.88
2650,233.795
2651,210.9733
2652,207.4283
2653,298.1383
2654,217.9767
2655,216.3017
2656,224.955
2657,249.495
2658,237.2567
2659,256.715
2660,221.21
2661,221.3833
2662,210.2433
2663,246.8733
2664,217.365
2665,250.49
2666,245.2467
2667,215.2717
2668,221.8983
2669,209.4067
2670,241.11
2671,264.415
2672,223.4267
2673,226.3883
2674,381.9317
2675,222.9417
2676,258.5417
2677,357.255
2678,218.8017
2679,329.4117
2680,231.4383
2681,243.6933
2682,212.65
2683,223.2817
2684,205.85
2685,226.7667
2686,272.4317
2687,228.9883
2688,276.21
2689,383.9417
2690,255.775
2691,248.9233
2692,193.8167
2693,251.15
2694,251.63
2695,228.83
2696,277.35
2697,269.76
2698,246.335
2699,221.4567
2700,263.1467
2701,244.8867
2702,202.0967
2703,267.1933
2704,238.9067
2705,248.9733
2706,218.1467
2707,286.1533
2708,333.6883
2709,282.5667
2710,252.05
2711,247.99
2712,218.23
2713,239.2617
2714,587.75
2715,306.5983
2716,209.2133
2717,277.3833
2718,230.7733
2719,221.2017
2720,202.2233
2721,198.9267
2722,279.3917
2723,213.2983
2724,205.7883
2725,262.1417
2726,201.8733
2727,276.5533
2728,263.87
2729,327.57
2730,219.8167
2731,348.105
2732,406.455
2733,206.9983
2734,274.515
2735,239.97
2736,374.7033
2737,242.135
2738,206.04
2739,214.325
2740,494.8083
2741,217.78
2742,295.9917
2743,290.0083
2744,534.9
2745,220.8233
2746,229.8717
2747,246.8733
2748,267.0267
2749,240.4633
2750,209.5967
2751,231.7683
2752,230.2
2753,231.7217
2754,270.5167
2755,248.6333
2756,240.845
2757,226.4767
2758,225.46
2759,268.5167
2760,269.46
2761,228.07
2762,239.17
2763,208.6217
2764,273.825
2765,281.66
2766,204.05
2767,221.04
2768,232.73
2769,236.635
2770,292.29
2771,239.4117
2772,262.97
2773,291.95
2774,192.6017
2775,258.7667
2776,240.4133
2777,216.645
2778,203.8617
2779,274.0583
2780,256.7183
2781,208.51
2782,199.205
2783,225.525
2784,221.5167
2785,226.4183
2786,187.39
2787,391.425
2788,249.27
2789,229.1
2790,305.1667
2791,229.2867
2792,222.07
2793,239.3867
2794,256.0517
2795,224.2467
2796,302.0617
2797,209.7433
2798,231.5217
2799,344.4717
2800,366.4767
2801,239.08
2802,242.9067
2803,209.6717
2804,252.2133
2805,232.81
2806,219.2017
2807,226.435
2808,206.3917
2809,222.9833
2810,251.7433
2811,269.905
2812,231.065
2813,208.0067
2814,227.5883
2815,333.9367
2816,341.0183
2817,271.975
2818,291.6633
2819,203.2483
2820,231.3933
2821,233.275
2822,239.6767
2823,243.21
2824,322.3683
2825,202.1867
2826,269.6617
2827,222.265
2828,223.795
2829,420.3217
2830,232.6017
2831,263.84
2832,246.38
2833,219.7083
2834,225.5333
2835,214.1783
2836,210.89
2837,218.4
2838,257.125
2839,232.8
2840,203.7583
2841,213.2333
2842,218.3867
2843,287.4267
2844,210.1333
2845,333.485
2846,223.1467
2847,371.1583
2848,237.5767
2849,202.45
2850,244.9117
2851,227.4767
2852,356.6967
2853,251.37
2854,262.06
2855,258.8783
2856,225.71
2857,245.0433
2858,266.345
2859,240.6783
2860,254.2083
2861,239.2967
2862,248.125
2863,680.8733
2864,297.59
2865,270.2267
2866,213.4617
2867,361.105
2868,243.6667
2869,236.3717
2870,237.9767
2871,492.9617
2872,413.6367
2873,220.6733
2874,332.3333
2875,348.8083
2876,227.83
2877,184.755
2878,238.9733
2879,253.635
2880,361.475
2881,208.1117
2882,215.555
2883,248.05
2884,228.44
2885,260.7067
2886,367.785
2887,237.6817
2888,244.4283
2889,220.93
2890,233.3183
2891,231.59
2892,261.3667
2893,225.2567
2894,348.56
2895,261.87
2896,256.2767
2897,250.08
2898,249.1217
2899,207.6517
2900,267.6017
2901,235.3083
2902,261.1183
2903,470.3483
2904,412.19
2905,293.4533
2906,511.3183
2907,267.745
2908,233.06
2909,366.46
2910,214.7167
2911,246.3883
2912,244.195
2913,209.5367
2914,200.6133
2915,208.4233
2916,239.6083
2917,216.58
2918,240.9233
2919,213.48
2920,250.4033
2921,205.1017
2922,234.3333
2923,239.6233
2924,220.8667
2925,226.7783
2926,231.01
2927,210.5933
2928,231.255
2929,197.8633
2930,246.75
2931,207.625
2932,273.3917
2933,218.705
2934,527.865
2935,243.1733
2936,229.6983
2937,204.435
2938,222.2583
2939,219.4017
2940,216.71
2941,218.5533
2942,363.985
2943,251.11
2944,394.375
2945,221.9483
2946,370.8233
2947,201.9383
2948,260.88
2949,231.5667
2950,204.0483
2951,241.145
2952,273.55
2953,210.1467
2954,376.015
2955,230.7017
2956,211.9883
2957,198.715
2958,380.66
2959,228.695
2960,208.505
2961,240.4583
2962,276.615
2963,239.885
2964,234.09
2965,238.7133
2966,266.335
2967,193.4
2968,314.355
2969,192.2983
2970,220.01
2971,225.23
2972,283.9417
2973,236.7267
2974,290.1133
2975,221.0583
2976,211.21
2977,251.175
2978,243.145
2979,211.015
2980,213.305
2981,214.965
2982,214.5633
2983,218.9033
2984,226.3017
2985,210.3667
2986,212.2533
2987,205.0517
2988,245.3533
2989,221.525
2990,219.7533
2991,233.75
2992,246.5483
2993,223.235
2994,237.965
2995,220.96
2996,275.0017
2997,430.845
2998,203.435
2999,278.1867
3000,239.1083
3001,274.83
3002,211.65
3003,229.9017
3004,244.7717
3005,292.4133
3006,215.0217
3007,229.09
3008,185.03
3009,219.51
3010,264.5117
3011,240.9433
3012,355.565
3013,224.285
3014,235.815
3015,356.5117
3016,215.4117
3017,249.5367
3018,211.1417
3019,212.6833
3020,312.9567
3021,228.2583
3022,266.1
3023,589.1533
3024,398.0
3025,231.1667
3026,216.125
3027,245.6367
3028,200.275
3029,246.5533
3030,235.6417
3031,259.9283
3032,270.8433
3033,205.01
3034,304.175
3035,239.5083
3036,247.3133
3037,207.6633
3038,195.6683
3039,210.5917
3040,284.2417
3041,204.0883
3042,198.83
3043,222.9367
3044,296.0667
3045,203.5083
3046,206.5617
3047,232.7
3048,221.6733
3049,232.1983
3050,212.4867
3051,218.0217
3052,228.5933
3053,251.7733
3054,243.5633
3055,262.695
3056,226.5417
3057,244.08
3058,195.4183
3059,229.07
3060,242.7517
3061,249.38
3062,246.6567
3063,232.8883
3064,236.3133
3065,215.2567
3066,256.8733
3067,209.125
3068,283.52
3069,208.0233
3070,231.7217
3071,214.3117
3072,219.5817
3073,382.8767
3074,230.5183
3075,217.2317
3076,276.82
3077,250.33
3078,249.5917
3079,286.7667
3080,266.1
3081,198.475
3082,255.6467
3083,223.3217
3084,245.235
3085,248.5033
3086,307.015
3087,240.3817
3088,218.88
3089,318.1417
3090,267.7317
3091,199.0517
3092,215.4183
3093,223.1817
3094,219.3
3095,220.4817
3096,207.4267
3097,205.8083
3098,235.875
3099,223.845
3100,198.8617
3101,216.9383
3102,233.225
3103,234.0517
3104,247.8817
3105,248.5533
3106,258.0533
3107,261.3167
3108,232.1667
3109,277.09
3110,236.9117
3111,207.9
3112,372.44
3113,245.6317
3114,262.7733
3115,269.7717
3116,228.4667
3117,232.1367
3118,234.8883
3119,249.4183
3120,293.7567
3121,233.0067
3122,208.385
3123,209.5533
3124,289.6567
3125,242.2867
3126,208.0617
3127,240.2167
3128,264.71
3129,237.6867
3130,256.6717
3131,254.6133
3132,234.3317
3133,360.5417
3134,197.965
3135,212.6583
3136,231.1767
3137,241.2233
3138,417.0017
3139,293.845
3140,246.195
3141,212.6667
3142,336.3083
3143,251.4017
3144,206.7383
3145,219.7083
3146,240.1567
3147,186.3667
3148,232.7183
3149,584.92
3150,404.5733
3151,270.585
3152,222.6667
3153,232.3833
3154,238.3883
3155,265.34
3156,198.88
3157,297.6783
3158,215.3317
3159,227.7783
3160,263.2183
3161,213.7883
3162,262.8567
3163,242.3667
3164,215.7733
3165,413.61
3166,233.2133
3167,208.59
3168,221.7733
3169,280.2917
3170,227.3883
3171,513.2783
3172,280.4667
3173,210.145
3174,206.8483
3175,246.8
3176,239.0567
3177,335.1733
3178,231.1217
3179,246.07
3180,221.9817
3181,251.8217
3182,254.15
3183,255.315
3184,205.4833
3185,208.6
3186,253.745
3187,259.99
3188,309.9867
3189,267.705
3190,495.85
3191,224.485
3192,243.6267
3193,238.5833
3194,288.4167
3195,207.4633
3196,252.505
3197,285.7983
3198,205.65
3199,236.1567
3200,328.7433
3201,226.24
3202,271.4467
3203,215.4717
3204,207.2267
3205,246.595
3206,221.4733
3207,236.3333
3208,223.9017
3209,214.985
3210,196.0883
3211,223.0667
3212,275.5467
3213,203.105
3214,231.7033
3215,236.7017
3216,224.5917
3217,216.8733
3218,218.2833
3219,219.2767
3220,209.4133
3221,219.39
3222,247.695
3223,257.37
3224,222.83
3225,283.6033
3226,377.7983
3227,231.8033
3228,274.0383
3229,313.9867
3230,246.8683
3231,217.2733
3232,259.725
3233,248.6933
3234,230.085
3235,287.46
3236,237.4167
3237,227.17
3238,258.245
3239,292.6233
3240,223.6183
3241,229.9917
3242,215.2667
3243,300.295
3244,215.5133
3245,215.9667
3246,211.1117
3247,291.83
3248,365.5333
3249,242.7067
3250,361.94
3251,229.0983
3252,242.9183
3253,235.4683
3254,207.9167
3255,231.56
3256,209.6433
3257,229.19
3258,206.2983
3259,230.6567
3260,256.0
3261,275.5383
3262,285.9433
3263,218.5583
3264,215.3833
3265,212.1717
3266,231.6267
3267,238.7033
3268,237.9867
3269,198.83
3270,223.2317
3271,235.4917
3272,232.0117
3273,240.7783
3274,289.9683
3275,281.8333
3276,230.5033
3277,357.6383
3278,250.8017
3279,238.9933
3280,234.1933
3281,226.6733
3282,243.0933
3283,226.6483
3284,206.0983
3285,270.9783
3286,209.5533
3287,227.065
3288,193.94
3289,263.65
3290,218.5533
3291,209.475
3292,246.94
3293,198.0
3294,231.535
3295,205.5167
3296,274.8233
3297,266.6167
3298,274.71
3299,376.845
3300,210.0583
3301,261.6783
3302,212.1533
3303,216.575
3304,200.7683
3305,266.0933
3306,197.5617
3307,214.9667
3308,249.8517
3309,215.9567
3310,223.43
3311,221.6133
3312,196.0617
3313,316.325
3314,203.965
3315,228.7083
3316,245.6067
3317,250.9467
3318,218.1067
3319,202.0717
3320,268.2083
3321,205.705
3322,237.795
3323,312.7283
3324,242.86
3325,231.3367
3326,345.8767
3327,316.4433
3328,264.4633
3329,226.9883
3330,198.145
3331,226.7083
3332,214.7267
3333,213.5833
3334,657.9367
3335,261.465
3336,218.045
3337,201.0283
3338,248.24
3339,211.2767
3340,282.8183
3341,264.0883
3342,228.535
3343,282.4433
3344,228.8833
3345,332.685
3346,231.09
3347,242.2267
3348,239.03
3349,241.3983
3350,219.7333
3351,315.5983
3352,254.7933
3353,241.9667
3354,290.4867
3355,230.4417
3356,238.065
3357,377.79
3358,195.1783
3359,231.695
3360,204.1733
3361,259.7517
3362,343.9367
3363,243.6667
3364,257.4683
3365,306.3
3366,231.7967
3367,191.2533
3368,217.5633
3369,314.8367
3370,236.5283
3371,256.5583
3372,239.1817
3373,210.225
3374,213.795
3375,214.345
3376,259.4183
3377,266.0583
3378,239.19
3379,265.8733
3380,249.6933
3381,241.5683
3382,233.275
3383,216.75
3384,258.645
3385,244.865
3386,309.6717
3387,200.585
3388,233.5567
3389,278.4867
3390,232.0567
3391,206.2733
3392,523.1017
3393,244.8717
3394,236.7983
3395,273.98
3396,207.235
3397,251.6783
3398,243.3117
3399,263.7083
3400,261.1733
3401,335.42
3402,249.0017
3403,217.6533
3404,193.4217
3405,214.935
3406,209.0017
3407,223.92
3408,227.515
3409,318.19
3410,224.105
3411,206.6483
3412,222.4167
3413,233.9933
3414,252.8933
3415,267.02
3416,246.43
3417,231.14
3418,235.9817
3419,264.2933
3420,355.215
3421,238.3567
3422,213.2517
3423,231.6417
3424,223.665
3425,246.7367
3426,264.2467
3427,699.0167
3428,218.4217
3429,263.2683
3430,219.7367
3431,264.5567
3432,276.965
3433,246.8867
3434,634.21
3435,216.6367
3436,189.1367
3437,227.4517
3438,242.7083
3439,295.4167
3440,242.8217
3441,241.4633
3442,216.25
3443,218.135
3444,202.8717
3445,221.035
3446,381.1833
3447,251.925
3448,223.2133
3449,233.6483
3450,285.6733
3451,217.0933
3452,218.3983
3453,256.4067
3454,371.2633
3455,301.215
3456,199.825
3457,215.43
3458,221.6833
3459,225.3883
3460,258.1
3461,428.765
3462,255.715
3463,282.755
3464,248.5617
3465,259.21
3466,230.2033
3467,200.1183
3468,223.1967
3469,346.955
3470,239.5717
3471,213.8067
3472,299.7767
3473,257.2117
3474,231.2567
3475,234.5983
3476,238.715
3477,208.68
3478,250.6133
3479,261.6533
3480,237.1117
3481,249.4367
3482,239.2783
3483,265.8717
3484,384.3267
3485,296.9983
3486,232.215
3487,225.935
3488,256.415
3489,246.8667
3490,316.4017
3491,283.4467
3492,216.4267
3493,216.84
3494,233.1717
3495,232.9817
3496,210.295
3497,206.3683
3498,256.6533
3499,202.2833
3500,203.4283
3501,232.6183
3502,235.9967
3503,239.695
3504,206.2083
3505,493.24
3506,292.7133
3507,243.5083
3508,249.7683
3509,223.0883
3510,235.055
3511,229.5083
3512,218.405
3513,232.98
3514,272.0
3515,196.945
3516,253.595
3517,257.3867
3518,201.5717
3519,303.7333
3520,213.7167
3521,202.0567
3522,235.6817
3523,246.9233
3524,410.03
3525,192.7383
3526,225.4717
3527,191.125
3528,203.735
3529,223.4333
3530,251.4867
3531,447.45
3532,243.69
3533,235.07
3534,249.5517
3535,222.3967
3536,328.045
3537,228.8233
3538,269.2833
3539,204.1467
3540,584.4417
3541,201.3867
3542,295.6967
3543,246.315
3544,240.1283
3545,216.265
3546,231.0933
3547,263.7733
3548,231.4367
3549,214.7633
3550,231.8383
3551,212.245
3552,345.12
3553,222.0983
3554,218.3383
3555,205.0083
3556,241.5917
3557,216.2367
3558,219.43
3559,263.4867
3560,357.235
3561,228.78
3562,195.565
3563,210.465
3564,230.7817
3565,213.435
3566,243.8167
3567,210.3817
3568,273.435
3569,232.7617
3570,237.485
3571,429.5133
3572,267.5783
3573,221.4767
3574,216.6517
3575,297.8583
3576,218.01
3577,218.21
3578,225.8217
3579,223.8067
3580,229.375
3581,263.195
3582,224.5333
3583,234.0717
3584,197.5583
3585,221.5333
3586,323.3667
3587,245.2483
3588,248.6667
3589,222.2433
3590,218.1033
3591,206.8967
3592,272.6317
3593,283.4317
3594,286.3033
3595,244.4067
3596,225.54
3597,278.235
3598,210.9083
3599,722.3717
3600,220.1233
3601,316.6383
3602,384.5
3603,230.5733
3604,229.3183
3605,256.9017
3606,394.3317
3607,260.3233
3608,222.6833
3609,235.1483
3610,295.905
3611,219.3933
3612,281.9133
3613,216.24
3614,213.09
3615,317.8083
3616,204.065
3617,218.9833
3618,210.1083
3619,230.3367
3620,208.5883
3621,240.735
3622,201.4417
3623,227.1483
3624,226.1833
3625,243.5267
3626,314.675
3627,605.0467
3628,230.6017
3629,244.4483
3630,229.565
3631,227.825
3632,240.7633
3633,294.1433
3634,238.0883
3635,295.1067
3636,226.0283
3637,195.4483
3638,207.745
3639,222.6233
3640,273.8583
3641,209.4067
3642,258.5383
3643,220.9517
3644,527.0967
3645,217.01
3646,207.13
3647,258.0833
3648,214.935
3649,234.49
3650,232.2817
3651,255.9333
3652,253.8817
3653,272.84
3654,301.475
3655,265.4467
3656,372.3183
3657,240.795
3658,268.7083
3659,219.09
3660,208.725
3661,211.265
3662,245.2767
3663,408.075
3664,228.5833
3665,222.7283
3666,274.2983
3667,206.45
3668,233.2133
3669,291.6417
3670,279.7733
3671,218.0667
3672,230.8583
3673,250.0317
3674,266.855
3675,190.095
3676,224.73
3677,274.9483
3678,220.8033
3679,209.3917
3680,470.515
3681,241.785
3682,239.6067
3683,239.8533
3684,190.7333
3685,318.47
3686,212.0267
3687,224.5117
3688,407.7783
3689,229.0233
3690,205.3467
3691,474.6933
3692,210.425
3693,252.4183
3694,205.8883
3695,252.1383
3696,248.5417
3697,260.9283
3698,244.9183
3699,203.5067
3700,253.3183
3701,503.71
3702,277.3033
3703,242.7767
3704,220.2367
3705,277.1783
3706,274.65
3707,255.3483
3708,242.9867
3709,211.415
3710,213.8383
3711,218.3883
3712,195.7417
3713,216.83
3714,218.385
3715,231.0767
3716,296.9133
3717,199.0333
3718,207.3717
3719,318.1283
3720,224.5867
3721,253.8683
3722,223.64
3723,227.5033
3724,376.735
3725,240.5817
3726,225.0567
3727,254.1683
3728,533.6167
3729,227.6617
3730,235.0067
3731,243.595
3732,276.1283
3733,342.9317
3734,208.9667
3735,393.9267
3736,597.6783
3737,218.9417
3738,210.2733
3739,276.0717
3740,316.1867
3741,226.21
3742,216.8117
3743,233.8967
3744,230.3733
3745,257.3117
3746,211.255
3747,240.3317
3748,219.38
3749,199.1283
3750,204.2433
3751,216.86
3752,234.7333
3753,491.285
3754,273.0883
3755,331.395
3756,246.99
3757,339.4517
3758,435.235
3759,274.8033
3760,485.275
3761,261.045
3762,475.46
3763,280.915
3764,205.8717
3765,258.235
3766,227.0
3767,262.2033
3768,243.4083
3769,283.9967
3770,251.4183
3771,232.33
3772,524.6217
3773,392.3783
3774,200.63
3775,250.515
3776,239.9833
3777,223.7883
3778,205.6517
3779,250.0867
3780,546.62
3781,216.36
3782,472.7533
3783,203.5667
3784,256.4933
3785,220.6067
3786,197.3583
3787,338.9717
3788,229.4533
3789,239.1333
3790,217.2883
3791,314.4183
3792,245.7617
3793,197.9917
3794,281.0683
3795,260.66
3796,226.1183
3797,287.2017
3798,228.3717
3799,336.3583
3800,320.3367
3801,245.2817
3802,240.4483
3803,280.4817
3804,273.1183
3805,255.55
3806,236.5767
3807,226.08
3808,217.8833
3809,308.1967
3810,246.6033
3811,267.035
3812,271.46
3813,273.5467
3814,227.3
3815,280.7983
3816,215.055
3817,229.675
3818,215.4167
3819,202.2033
3820,338.5733
3821,219.71
3822,232.715
3823,217.4833
3824,230.4117
3825,219.065
3826,222.9283
3827,217.3
3828,201.775
3829,184.3833
3830,197.765
3831,382.565
3832,223.925
3833,313.1333
3834,229.5333
3835,278.6117
3836,200.9833
3837,298.165
3838,325.0
3839,295.3367
3840,273.57
3841,428.615
3842,347.1417
3843,226.945
3844,223.805
3845,399.0017
3846,237.2417
3847,219.0133
3848,411.9783
3849,458.1733
3850,420.6933
3851,210.6917
3852,196.185
3853,206.9483
3854,215.6733
3855,235.9167
3856,230.1867
3857,230.3367
3858,414.4267
3859,202.1317
3860,222.7333
3861,254.68
3862,313.1517
3863,233.3233
3864,250.9817
3865,185.8383
3866,275.28
3867,215.2317
3868,243.64
3869,367.9983
3870,250.035
3871,202.9583
3872,230.7267
3873,216.8483
3874,479.1133
3875,246.8583
3876,228.59
3877,249.3017
3878,237.875
3879,232.03
3880,265.8533
3881,247.0183
3882,284.065
3883,229.28
3884,223.43
3885,266.6367
3886,221.7917
3887,219.03
3888,229.4
3889,206.8667
3890,266.1833
3891,227.76
3892,226.25
3893,205.6267
3894,210.205
3895,249.6233
3896,348.0433
3897,291.025
3898,213.09
3899,290.1233
3900,219.2033
3901,210.4933
3902,224.7917
3903,281.1267
3904,228.5417
3905,205.2483
3906,291.4467
3907,311.4617
3908,248.96
3909,231.1867
3910,211.46
3911,260.775
3912,292.765
3913,292.0117
3914,298.51
3915,314.375
3916,204.745
3917,206.13
3918,214.2017
3919,194.8
3920,208.5333
3921,210.2633
3922,522.3633
3923,218.415
3924,214.35
3925,353.6133
3926,270.055
3927,221.6917
3928,549.2567
3929,205.6383
3930,248.2517
3931,277.54
3932,243.9683
3933,246.955
3934,240.1317
3935,198.53
3936,211.3967
3937,218.7333
3938,221.675
3939,222.4433
3940,215.575
3941,265.9517
3942,246.13
3943,262.66
3944,221.6183
3945,258.9717
3946,417.0367
3947,261.105
3948,219.2583
3949,205.2583
3950,247.29
3951,263.175
3952,325.6083
3953,295.75
3954,243.7483
3955,214.6317
3956,251.6033
3957,205.505
3958,222.7417
3959,225.4417
3960,213.7167
3961,265.1383
3962,269.805
3963,218.9733
3964,220.96
3965,272.2917
3966,578.8567
3967,230.1083
3968,219.9333
3969,246.86
3970,225.5133
3971,240.2517
3972,354.3617
3973,206.29
3974,299.5033
3975,225.575
3976,196.2033
3977,476.0367
3978,310.04
3979,210.6317
3980,295.8617
3981,211.355
3982,222.3233
3983,288.3083
3984,207.2767
3985,225.6517
3986,263.565
3987,201.9033
3988,433.3183
3989,388.425
3990,223.7617
3991,203.6033
3992,215.7417
3993,243.7217
3994,211.2767
3995,253.0617
3996,251.2917
3997,278.1583
3998,219.3367
3999,288.125
4000,248.59
4001,227.0283
4002,228.8567
4003,254.42
4004,202.0233
4005,221.7217
4006,432.42
4007,252.1533
4008,642.8717
4009,204.03
4010,214.035
4011,219.51
4012,222.6083
4013,287.4667
4014,233.1483
4015,285.0783
4016,189.6467
4017,223.2433
4018,230.6783
4019,747.8967
4020,223.9183
4021,227.3717
4022,250.8133
4023,274.0867
4024,330.775
4025,512.6717
4026,238.9667
4027,246.965
4028,667.14
4029,245.36
4030,213.63
4031,245.3133
4032,269.4417
4033,231.54
4034,221.6017
4035,208.1367
4036,313.4217
4037,548.0517
4038,294.9567
4039,366.0467
4040,275.1117
4041,280.3683
4042,202.845
4043,238.3867
4044,233.43
4045,204.3333
4046,237.565
4047,460.8483
4048,217.94
4049,247.6183
4050,273.9767
4051,418.0367
4052,225.185
4053,329.035
4054,253.2117
4055,455.4067
4056,214.0217
4057,196.6667
4058,218.205
4059,202.9983
4060,201.565
4061,211.2667
4062,217.5967
4063,254.755
4064,229.4533
4065,224.6617
4066,207.5683
4067,243.085
4068,226.5167
4069,428.28
4070,221.0833
4071,267.1567
4072,204.7383
4073,220.5667
4074,245.6233
4075,345.42
4076,325.945
4077,238.5933
4078,257.5033
4079,247.39
4080,211.865
4081,289.925
4082,220.02
4083,211.0617
4084,236.4733
4085,278.3
4086,267.3883
4087,226.0167
4088,407.21
4089,387.015
4090,449.11
4091,272.4983
4092,266.18
4093,228.05
4094,244.7783
4095,675.1783
4096,226.8017
4097,223.7633
4098,251.965
4099,261.6533
4100,225.2133
4101,374.1983
4102,262.67
4103,349.8383
4104,320.7917
4105,266.2767
4106,216.4583
4107,222.1017
4108,227.0433
4109,280.1733
4110,263.105
4111,253.135
4112,212.5067
4113,229.61
4114,206.7
4115,281.2017
4116,472.355
4117,202.1383
4118,215.5317
4119,213.97
4120,283.19
4121,250.24
4122,213.6833
4123,234.2033
4124,230.625
4125,233.8933
4126,241.1433
4127,226.2133
4128,233.86
4129,433.1533
4130,237.2817
4131,191.8417
4132,210.2367
4133,231.76
4134,249.5017
4135,327.5983
4136,215.9983
4137,208.0517
4138,207.8167
4139,199.17
4140,211.535
4141,230.16
4142,230.0983
4143,241.565
4144,263.765
4145,233.44
4146,596.3083
4147,234.4317
4148,222.2933
4149,222.0717
4150,413.9183
4151,243.8533
4152,363.8283
4153,224.1033
4154,244.7717
4155,224.3233
4156,198.2617
4157,262.44
4158,458.3417
4159,215.095
4160,223.2083
4161,256.1167
4162,338.4233
4163,203.6983
4164,398.8467
4165,305.545
4166,303.5683
4167,270.0217
4168,239.88
4169,352.4867
4170,230.6033
4171,212.3333
4172,229.0217
4173,201.4083
4174,269.4
4175,231.5967
4176,243.7817
4177,323.175
4178,216.74
4179,357.0867
4180,273.0183
4181,225.9367
4182,527.23
4183,272.3167
4184,238.2817
4185,254.1483
4186,239.7633
4187,224.2883
4188,205.1417
4189,232.5383
4190,316.7917
4191,212.845
4192,297.6667
4193,247.3833
4194,218.0867
4195,321.7167
4196,463.4983
4197,229.345
4198,215.29
4199,197.74
4200,298.4283
4201,238.9617
4202,237.3633
4203,262.0417
4204,433.9033
4205,222.26
4206,255.1483
4207,198.4183
4208,340.065
4209,226.63
4210,293.03
4211,239.61
4212,276.46
4213,219.9867
4214,225.2383
4215,246.6933
4216,204.8867
4217,207.3617
4218,217.8283
4219,222.6967
4220,209.9167
4221,271.5617
4222,259.64
4223,232.94
4224,235.055
4225,218.1917
4226,287.3683
4227,420.69
4228,308.2683
4229,246.22
4230,311.98
4231,209.3883
4232,248.085
4233,214.3167
4234,204.3433
4235,242.1967
4236,220.2
4237,214.7917
4238,197.325
4239,233.5483
4240,213.05
4241,253.5467
4242,212.9833
4243,232.4683
4244,307.1967
4245,220.7483
4246,214.3267
4247,244.4133
4248,239.895
4249,211.3267
4250,263.0133
4251,243.2033
4252,238.4167
4253,260.19
4254,239.0867
4255,211.82
4256,204.0217
4257,217.7767
4258,368.22
4259,200.6683
4260,189.6733
4261,410.945
4262,445.9283
4263,506.915
4264,215.56
4265,213.2083
4266,294.2367
4267,203.7567
4268,259.1517
4269,269.9433
4270,226.4933
4271,238.9833
4272,218.2233
4273,235.65
4274,228.345
4275,204.7433
4276,224.6533
4277,399.745
4278,236.5217
4279,248.7283
4280,229.2617
4281,302.6583
4282,198.0017
4283,214.905
4284,305.5167
4285,204.74
4286,237.1267
4287,229.765
4288,258.5817
4289,203.9583
4290,269.2033
4291,281.8833
4292,254.8617
4293,217.5717
4294,198.0467
4295,383.8117
4296,201.4683
4297,258.5767
4298,317.515
4299,220.8583
4300,239.7783
4301,397.7433
4302,238.8933
4303,218.585
4304,236.2167
4305,297.925
4306,247.6767
4307,216.7183
4308,234.905
4309,227.3367
4310,635.4217
4311,230.345
4312,207.4517
4313,225.7217
4314,205.2583
4315,216.7417
4316,216.6233
4317,230.345
4318,225.0317
4319,293.4033
4320,238.9983
4321,253.23
4322,239.4083
4323,278.585
4324,209.0333
4325,364.73
4326,211.1283
4327,209.4467
4328,205.3283
4329,202.64
4330,258.3
4331,222.5117
4332,207.0267
4333,287.6733
4334,311.0433
4335,288.425
4336,276.1417
4337,249.5283
4338,293.2
4339,263.95
4340,225.1867
4341,187.68
4342,281.7583
4343,202.7533
4344,208.2817
4345,227.05
4346,242.275
4347,190.9217
4348,284.2183
4349,242.0483
4350,232.8917
4351,289.615
4352,258.8283
4353,248.38
4354,238.37
4355,234.4433
4356,231.8067
4357,289.2483
4358,205.44
4359,209.36
4360,260.4467
4361,207.6383
4362,220.1
4363,239.0683
4364,249.5383
4365,211.66
4366,220.0183
4367,242.95
4368,272.7983
4369,606.6283
4370,205.2617
4371,583.1733
4372,231.6533
4373,233.9017
4374,249.15
4375,251.5033
4376,200.9667
4377,246.49
4378,248.64
4379,228.8833
4380,324.4967
4381,251.4633
4382,248.2217
4383,207.1867
4384,278.1867
4385,342.8467
4386,225.5567
4387,236.875
4388,251.715
4389,217.6717
4390,237.01
4391,220.1283
4392,231.2833
4393,242.1933
4394,257.9283
4395,201.6217
4396,248.4767
4397,230.1333
4398,215.1383
4399,209.32
4400,228.0533
4401,266.7933
4402,197.6483
4403,406.0817
4404,196.97
4405,214.635
4406,486.0667
4407,222.2333
4408,347.2117
4409,295.1533
4410,496.5533
4411,337.105
4412,209.365
4413,239.4067
4414,233.5017
4415,262.7833
4416,205.285
4417,275.2783
4418,247.1767
4419,202.9933
4420,231.54
4421,214.1667
4422,211.65
4423,231.4033
4424,245.795
4425,254.02
4426,266.0867
4427,219.61
4428,250.1217
4429,224.8883
4430,222.1783
4431,217.7333
4432,546.145
4433,318.6517
4434,259.9667
4435,185.005
4436,237.5283
4437,226.5033
4438,634.21
4439,209.3367
4440,210.7117
4441,257.5267
4442,220.0367
4443,207.9767
4444,225.1233
4445,205.91
4446,239.735
4447,213.4783
4448,241.0
4449,276.095
4450,228.7283
4451,230.0517
4452,353.2583
4453,252.7167
4454,235.7017
4455,228.3317
4456,328.9317
4457,295.7833
4458,226.0917
4459,318.7533
4460,316.8017
4461,222.3283
4462,217.0183
4463,219.16
4464,192.7317
4465,240.945
4466,292.1733
4467,257.14
4468,428.0317
4469,380.0667
4470,258.09
4471,251.175
4472,245.9783
4473,243.7983
4474,234.315
4475,419.025
4476,283.2817
4477,232.58
4478,201.7617
4479,272.1167
4480,226.7383
4481,260.0017
4482,341.715
4483,229.475
4484,240.0683
4485,227.1267
4486,202.865
4487,218.0083
4488,229.93
4489,244.125
4490,197.205
4491,202.4133
4492,213.9683
4493,203.1283
4494,262.7033
4495,203.1883
4496,318.3133
4497,437.6483
4498,201.1067
4499,223.1383
4500,264.8517
4501,430.51
4502,223.6233
4503,231.4133
4504,259.4967
4505,660.5933
4506,262.775
4507,213.9783
4508,248.635
4509,386.4817
4510,247.3983
4511,216.3017
4512,294.535
4513,265.1033
4514,246.3633
4515,238.425
4516,268.1433
4517,232.9267
4518,331.9617
4519,203.885
4520,223.2
4521,226.6183
4522,226.9417
4523,278.6083
4524,343.6117
4525,260.7683
4526,194.375
4527,218.0217
4528,225.275
4529,206.6867
4530,251.5467
4531,229.9217
4532,301.9183
4533,294.3417
4534,228.965
4535,404.4567
4536,204.8117
4537,325.19
4538,229.2467
4539,264.71
4540,222.1467
4541,346.385
4542,255.3917
4543,241.35
4544,244.6283
4545,614.6033
4546,226.51
4547,225.415
4548,356.0667
4549,256.565
4550,208.8117
4551,355.4533
4552,208.3367
4553,293.1683
4554,251.8217
4555,317.0033
4556,216.2383
4557,502.515
4558,297.9383
4559,213.455
4560,294.2017
4561,202.6217
4562,193.89
4563,273.7533
4564,235.2317
4565,225.8983
4566,220.795
4567,222.36
4568,347.19
4569,285.125
4570,267.4733
4571,215.8583
4572,201.0367
4573,228.09
4574,301.8133
4575,247.65
4576,298.6517
4577,294.6483
4578,231.875
4579,265.07
4580,214.105
4581,217.17
4582,196.18
4583,213.7983
4584,211.6233
4585,209.9167
4586,247.73
4587,336.9633
4588,336.845
4589,263.4617
4590,280.175
4591,225.81
4592,314.5433
4593,235.21
4594,209.2967
4595,213.4183
4596,249.0767
4597,311.0433
4598,235.0983
4599,263.4283
4600,219.4317
4601,406.0167
4602,227.5167
4603,264.6117
4604,357.0983
4605,233.23
4606,215.455
4607,259.4067
4608,232.19
4609,244.1033
4610,227.3833
4611,219.9017
4612,213.3767
4613,261.3433
4614,225.705
4615,242.7933
4616,236.105
4617,651.8483
4618,231.2883
4619,247.8717
4620,229.46
4621,213.6267
4622,219.0767
4623,417.845
4624,225.0517
4625,241.785
4626,241.0533
4627,210.8633
4628,209.7167
4629,204.8967
4630,271.4183
4631,215.2117
4632,277.3233
4633,230.3483
4634,221.1867
4635,281.27
4636,500.5217
4637,256.475
4638,202.8117
4639,350.79
4640,304.015
4641,209.75
4642,213.5333
4643,232.475
4644,225.285
4645,213.5717
4646,235.8633
4647,233.5667
4648,219.0967
4649,245.8717
4650,236.5417
4651,264.7333
4652,572.1983
4653,274.1017
4654,357.3283
4655,214.9633
4656,266.3817
4657,257.2233
4658,292.735
4659,257.7333
4660,217.69
4661,224.9217
4662,232.43
4663,224.7467
4664,300.8417
4665,238.2033
4666,214.8733
4667,234.3633
4668,201.8217
4669,243.28
4670,213.3767
4671,208.1617
4672,243.475
4673,239.2533
4674,287.2367
4675,237.5883
4676,206.7383
4677,220.1267
4678,229.9267
4679,261.865
4680,215.8083
4681,236.9167
4682,228.5217
4683,289.585
4684,248.195
4685,193.9383
4686,292.345
4687,194.065
4688,233.595
4689,225.6617
4690,232.425
4691,233.7867
4692,418.315
4693,296.36
4694,344.22
4695,227.2717
4696,207.4033
4697,221.3783
4698,205.9
4699,260.45
4700,205.475
4701,230.4333
4702,391.2467
4703,234.15
4704,381.9917
4705,220.8033
4706,224.8733
4707,233.6983
4708,223.3683
4709,256.5583
4710,273.56
4711,235.09
4712,224.5767
4713,248.8017
4714,295.685
4715,236.6917
4716,415.3833
4717,222.985
4718,274.6267
4719,209.5067
4720,243.3
4721,233.9133
4722,222.0583
4723,227.6033
4724,236.9317
4725,325.4017
4726,239.3733
4727,456.6983
4728,259.3733
4729,239.765
4730,231.6517
4731,199.8667
4732,211.4933
4733,215.3117
4734,287.895
4735,219.8717
4736,292.87
4737,276.0483
4738,230.9767
4739,248.2533
4740,227.7867
4741,270.8833
4742,272.25
4743,209.4933
4744,225.76
4745,224.48
4746,222.395
4747,248.4633
4748,211.7283
4749,210.715
4750,251.5383
4751,497.9083
4752,257.3317
4753,225.7467
4754,224.12
4755,250.8917
4756,267.1967
4757,225.6817
4758,499.505
4759,561.0267
4760,269.22
4761,234.7567
4762,223.1817
4763,195.1667
4764,241.4267
4765,213.0533
4766,216.1217
4767,209.54
4768,199.44
4769,309.6
4770,209.7983
4771,332.8183
4772,195.905
4773,237.2567
4774,304.33
4775,221.2917
4776,240.2183
4777,223.73
4778,238.44
4779,204.5167
4780,215.1417
4781,396.4533
4782,237.0783
4783,211.0617
4784,225.0333
4785,321.7
4786,208.7867
4787,238.18
4788,225.9283
4789,232.5583
4790,285.3483
4791,204.505
4792,403.0867
4793,217.5567
4794,408.555
4795,241.13
4796,240.2467
4797,224.7633
4798,235.14
4799,238.775
4800,486.3317
4801,293.72
4802,229.1767
4803,357.3017
4804,202.0833
4805,256.5933
4806,266.81
4807,227.6133
4808,196.6133
4809,206.855
4810,396.1633
4811,213.6883
4812,247.02
4813,216.4
4814,293.225
4815,265.72
4816,221.1067
4817,217.9433
4818,221.425
4819,220.01
4820,201.9783
4821,220.2283
4822,219.66
4823,266.3117
4824,195.945
4825,208.4833
4826,234.5917
4827,230.9817
4828,215.065
4829,232.305
4830,196.35
4831,221.17
4832,225.635
4833,391.7783
4834,241.9917
4835,230.33
4836,229.1033
4837,233.5217
4838,202.74
4839,229.38
4840,210.555
4841,455.6583
4842,203.9817
4843,194.0383
4844,301.7417
4845,197.4817
4846,203.7567
4847,294.415
4848,228.0383
4849,271.405
4850,438.1917
4851,243.4267
4852,219.0983
4853,236.7117
4854,251.145
4855,276.935
4856,433.3567
4857,220.1133
4858,205.9917
4859,236.6067
4860,263.0817
4861,226.795
4862,214.4233
4863,231.59
4864,237.0717
4865,255.9633
4866,250.335
4867,244.8717
4868,557.4067
4869,235.4617
4870,417.5467
4871,260.8867
4872,263.99
4873,242.1
4874,221.1333
4875,189.1967
4876,244.8867
4877,219.14
4878,254.03
4879,381.8867
4880,205.5767
4881,677.9533
4882,283.4783
4883,199.5983
4884,210.35
4885,216.86
4886,404.5283
4887,208.96
4888,245.335
4889,324.775
4890,234.1383
4891,211.1767
4892,461.04
4893,307.4183
4894,222.68
4895,248.8883
4896,539.6867
4897,504.6433
4898,225.5417
4899,264.205
4900,204.1017
4901,610.6683
4902,374.1683
4903,261.9333
4904,254.3333
4905,244.2033
4906,235.15
4907,258.6083
4908,233.2267
4909,285.2483
4910,240.7383
4911,242.9683
4912,222.4583
4913,208.5883
4914,243.5967
4915,229.8467
4916,247.3083
4917,278.3317
4918,280.2983
4919,215.2283
4920,235.4917
4921,263.1467
4922,663.0817
4923,351.31
4924,230.3533
4925,196.63
4926,239.0367
4927,207.33
4928,196.2583
4929,252.2417
4930,213.1667
4931,232.545
4932,198.08
4933,228.0833
4934,214.205
4935,594.12
4936,348.6617
4937,238.4733
4938,238.4667
4939,201.7917
4940,277.7283
4941,276.5033
4942,273.065
4943,291.8133
